title,content,marks,level,topic,question_hide,question_type,answers,right_answers,mandatory_optional,postive_hint,negative_hint
NEW What is WordPress Writing Setting?,Neque porro quisquam est qui dolorem ipsum quia ,1,easy,WordPress,no,single_choice,"Controls WordPress writing experience | Control WordPress's features in the adding and editing posts, Pages, and Post Types | Optional functions like Remote Publishing, Post via e-mail, and Update Services | All of the above","Optional functions like Remote Publishing, Post via e-mail, and Update Services",,Neque porro quisquam est qui dolorem ipsum quia ,Neque porro quisquam est qui dolorem ipsum quia 
"NEW By default, when you set a container’s display to Flex, the direction of the elements inside the  container is vertical.",Neque porro quisquam est qui dolorem ipsum quia ,2,hard,WordPress | Bootstrap,no,true_or_false,True | False,False,,Neque porro quisquam est qui dolorem ipsum quia ,Neque porro quisquam est qui dolorem ipsum quia 
NEW Why is it important to add alt text to all images that have meaningful content? Select all that apply.,Neque porro quisquam est qui dolorem ipsum quia ,3,medium,Webflow,no,multi_choice,For accessibility | To improve search engine optimization (SEO) | To provide context for screen readers | To reduce loading times,For accessibility | To improve search engine optimization (SEO),,Neque porro quisquam est qui dolorem ipsum quia ,Neque porro quisquam est qui dolorem ipsum quia 
NEW Why is wordpress.com considered more secure than wordpress.org?,Neque porro quisquam est qui dolorem ipsum quia ,4,easy,WordPress,no,fill_blank,,Limit the themes and plugins,Limit the themes and plugins | does not allow installing plugins | the security is more dependable on how the hosting company is hosting your website(wordpress.org),Neque porro quisquam est qui dolorem ipsum quia ,Neque porro quisquam est qui dolorem ipsum quia 
